nuts3,nuts3_lab,wfh_freq,wfh_occ,wfh_tot,wfh_untapped,wfh_feas,wfh_freq_res,wfh_occ_res,wfh_tot_res,wfh_untapped_res,wfh_feas_res
1001,"Flensburg, Kreisfreie Stadt",9.4187117,16.047573,25.466286,30.212715,55.679001,9.3605185,15.456885,24.817404,28.980909,53.798313
1002,"Kiel, Landeshauptstadt, Kreisfreie Stadt",10.124904,17.287823,27.412725,31.604315,59.01704,10.215988,16.773989,26.989977,30.260782,57.250759
1003,"Lübeck, Hansestadt, Kreisfreie Stadt",8.757062,15.364955,24.122017,29.773891,53.895908,8.9878187,15.549506,24.537325,29.29841,53.835735
1004,"Neumünster, Kreisfreie Stadt",7.8827434,14.193552,22.076296,28.884481,50.960777,7.7350254,13.994947,21.729973,28.701088,50.431061
1051,"Dithmarschen, Landkreis",7.231111,13.417282,20.648394,28.058172,48.706566,7.4647818,13.815721,21.280502,28.470654,49.751156
1053,"Herzogtum Lauenburg, Landkreis",7.9438691,14.368269,22.312138,28.865784,51.177921,8.8261843,16.068813,24.894999,30.650377,55.545376
1054,"Nordfriesland, Landkreis",7.9411044,13.45425,21.395355,27.682133,49.077488,7.8900785,13.491582,21.38166,27.989864,49.371525
1055,"Ostholstein, Landkreis",7.6921501,13.270247,20.962397,27.81632,48.778717,8.3577023,14.572865,22.930567,29.221945,52.152512
1056,"Pinneberg, Landkreis",8.7619925,15.367002,24.128994,30.012344,54.141338,9.5997763,17.170712,26.770489,31.322468,58.092957
1057,"Plön, Landkreis",7.4482427,13.461761,20.910004,27.979782,48.889786,8.7277079,15.831574,24.559282,30.529531,55.088814
1058,"Rendsburg-Eckernförde, Landkreis",8.3899937,14.885283,23.275276,28.64991,51.925186,8.8780136,15.854288,24.732302,30.091852,54.824154
1059,"Schleswig-Flensburg, Landkreis",7.914001,13.898186,21.812187,27.918747,49.730934,8.340023,14.886726,23.226749,29.056084,52.282833
1060,"Segeberg, Landkreis",8.6926727,15.470001,24.162674,29.40678,53.569454,9.183589,16.645973,25.829561,30.8599,56.689461
1061,"Steinburg, Landkreis",8.0096235,14.76117,22.770794,29.567924,52.338718,8.3384838,15.18845,23.526934,29.580076,53.10701
1062,"Stormarn, Landkreis",8.8910236,15.699085,24.590109,29.936338,54.526447,10.098595,18.106359,28.204954,32.305954,60.510906
2000,Hamburg,10.849155,18.852865,29.702021,31.91258,61.614601,10.892637,18.484022,29.376659,31.310284,60.686943
3101,"Braunschweig, Kreisfreie Stadt",10.437582,17.645136,28.082718,30.54454,58.627258,10.71383,18.018444,28.732275,30.326433,59.058708
3102,"Salzgitter, Kreisfreie Stadt",7.2089944,14.345406,21.554399,29.187963,50.742363,7.1292973,13.754349,20.883646,28.463781,49.347427
3103,"Wolfsburg, Kreisfreie Stadt",8.8483353,17.373575,26.22191,30.917826,57.139736,8.720582,16.634048,25.35463,30.377033,55.731663
3151,"Gifhorn, Landkreis",7.7830753,15.803455,23.586531,30.302828,53.889359,8.2141991,16.082399,24.296598,30.613314,54.909912
3153,"Goslar, Landkreis",8.2874708,14.423953,22.711424,28.412882,51.124306,8.472394,14.931241,23.403635,28.873587,52.277222
3154,"Helmstedt, Landkreis",7.3810296,14.009111,21.390141,28.673641,50.063782,8.024334,15.493284,23.517618,30.070982,53.5886
3155,"Northeim, Landkreis",7.5773926,14.577885,22.155277,29.231937,51.387215,8.02316,14.931102,22.954262,29.55975,52.514011
3157,"Peine, Landkreis",7.1996765,13.411846,20.611523,28.104118,48.715641,8.3676548,15.768042,24.135696,30.279724,54.415421
3158,"Wolfenbüttel, Landkreis",8.766964,15.144289,23.911253,28.887613,52.798866,8.9478159,16.333927,25.281744,30.225847,55.507591
3159,"Göttingen, Landkreis",10.294252,15.3925,25.686752,28.673489,54.360241,10.464858,15.700122,26.16498,28.930235,55.095215
3241,"Region Hannover, Landkreis",9.8256741,17.183804,27.009478,30.837297,57.846775,9.941721,17.200567,27.142288,30.747318,57.889606
3251,"Diepholz, Landkreis",7.8386202,14.012496,21.851116,28.279888,50.131004,8.3675127,15.17592,23.543432,29.727602,53.271034
3252,"Hameln-Pyrmont, Landkreis",8.5969076,15.967643,24.56455,30.434904,54.999454,8.5064983,15.621756,24.128254,30.005123,54.133377
3254,"Hildesheim, Landkreis",8.7829533,15.444092,24.227045,29.367495,53.59454,8.9920349,16.013779,25.005814,29.910583,54.916397
3255,"Holzminden, Landkreis",7.4537196,14.371618,21.825338,28.392302,50.21764,7.596272,14.560335,22.156607,28.903498,51.060104
3256,"Nienburg (Weser), Landkreis",7.4729533,13.987988,21.460941,28.169716,49.630657,7.700294,14.625103,22.325397,29.036263,51.36166
3257,"Schaumburg, Landkreis",7.5597625,13.820988,21.380751,28.592966,49.973717,8.3532209,15.375934,23.729155,29.897799,53.626953
3351,"Celle, Landkreis",8.2538109,15.117273,23.371084,29.859324,53.230408,8.4256363,15.285664,23.7113,29.52282,53.234119
3352,"Cuxhaven, Landkreis",7.4293895,13.286894,20.716284,27.565863,48.282146,7.837647,14.078661,21.916307,28.588362,50.504669
3353,"Harburg, Landkreis",8.0325661,14.055229,22.087795,28.650024,50.73782,9.5227776,17.215342,26.738119,31.551214,58.289333
3354,"Lüchow-Dannenberg, Landkreis",7.836638,13.607908,21.444546,27.830551,49.275097,8.1433735,14.127104,22.270477,28.111652,50.38213
3355,"Lüneburg, Landkreis",8.9840527,15.417341,24.401394,29.145752,53.547146,9.6345835,16.734871,26.369455,30.36545,56.734905
3356,"Osterholz, Landkreis",7.8689337,14.113784,21.982718,28.656794,50.639511,9.0049095,16.035051,25.039961,30.413523,55.453484
3357,"Rotenburg (Wümme), Landkreis",7.9187951,14.134586,22.053381,28.352644,50.406025,8.1399164,14.62432,22.764236,28.967072,51.731308
3358,"Heidekreis, Landkreis",7.6500006,13.523427,21.173428,27.988632,49.16206,8.0548677,14.362477,22.417345,28.692152,51.109497
3359,"Stade, Landkreis",7.7662463,14.253731,22.019978,29.116608,51.136585,8.3248491,15.504451,23.8293,30.107063,53.936363
3360,"Uelzen, Landkreis",7.3971663,13.564115,20.961281,28.491837,49.453117,7.8048773,14.231065,22.035942,28.94577,50.981712
3361,"Verden, Landkreis",8.2948036,14.81184,23.106644,29.000515,52.107159,8.8696423,15.973854,24.843496,30.255388,55.098885
3401,"Delmenhorst, Kreisfreie Stadt",7.8155894,13.86376,21.67935,28.993685,50.673035,7.6221189,13.848144,21.470263,28.760664,50.230927
3402,"Emden, Kreisfreie Stadt",7.5722585,14.22999,21.802248,29.397718,51.199966,8.1907892,14.53408,22.724869,29.138908,51.863777
3403,"Oldenburg (Oldenburg), Kreisfreie Stadt",10.74887,17.962658,28.711527,31.200998,59.912525,11.074713,17.504793,28.579506,29.901478,58.480984
3404,"Osnabrück, Kreisfreie Stadt",10.164625,16.682474,26.847099,30.023037,56.870136,10.322623,16.6101,26.932724,29.42461,56.357334
3405,"Wilhelmshaven, Kreisfreie Stadt",8.3822441,14.972891,23.355135,29.058485,52.41362,8.4122868,14.875664,23.287951,28.710726,51.998676
3451,"Ammerland, Landkreis",7.2840924,13.282063,20.566154,28.112286,48.67844,8.4080839,15.099229,23.507313,29.649696,53.157009
3452,"Aurich, Landkreis",7.8701863,13.91457,21.784756,28.526581,50.311337,7.7018514,13.969055,21.670906,28.686668,50.357574
3453,"Cloppenburg, Landkreis",7.0045958,12.67232,19.676916,26.822378,46.499294,7.1496072,12.978298,20.127905,27.15254,47.280445
3454,"Emsland, Landkreis",7.2390804,13.727411,20.966492,28.068092,49.034584,7.4210296,13.864458,21.285488,28.184589,49.470078
3455,"Friesland, Landkreis",8.0381966,14.597799,22.635996,28.821905,51.457901,8.2369766,14.915663,23.152639,29.24011,52.39275
3456,"Grafschaft Bentheim, Landkreis",7.4359026,13.746482,21.182384,28.433743,49.616127,7.6809406,14.149244,21.830185,28.803326,50.633511
3457,"Leer, Landkreis",7.8220944,14.038904,21.860998,28.69795,50.558949,7.6284394,13.962469,21.590908,28.480789,50.071697
3458,"Oldenburg, Landkreis",7.6000147,13.437446,21.03746,27.863762,48.901222,8.6361809,15.255909,23.89209,29.538815,53.430904
3459,"Osnabrück, Landkreis",7.1605659,13.230125,20.390692,27.537394,47.928085,7.9316926,14.507135,22.438828,28.861977,51.300804
3460,"Vechta, Landkreis",7.2465463,12.96736,20.213905,27.477821,47.691727,7.5245504,13.590039,21.11459,28.135117,49.249706
3461,"Wesermarsch, Landkreis",6.6272411,12.624374,19.251616,27.695692,46.947308,7.1371465,13.512384,20.64953,28.749933,49.399464
3462,"Wittmund, Landkreis",7.4484048,12.856644,20.305048,27.708124,48.013172,7.5274868,13.402689,20.930176,28.198666,49.128841
4011,"Bremen, Kreisfreie Stadt",10.061475,16.738674,26.80015,30.285818,57.085968,10.218844,16.293812,26.512655,29.407282,55.919937
4012,"Bremerhaven, Kreisfreie Stadt",8.1937866,13.833839,22.027626,28.206486,50.234112,7.5363789,12.914265,20.450644,27.136953,47.587597
5111,"Düsseldorf, Kreisfreie Stadt",11.639568,20.229334,31.868902,33.616348,65.485252,11.597303,19.402321,30.999624,32.24765,63.247272
5112,"Duisburg, Kreisfreie Stadt",9.1494312,15.768938,24.918369,29.439297,54.357666,8.6426582,15.055302,23.69796,28.810905,52.508865
5113,"Essen, Kreisfreie Stadt",10.871643,18.325821,29.197464,31.39209,60.589554,10.559848,17.569721,28.12957,30.471546,58.601116
5114,"Krefeld, Kreisfreie Stadt",9.0540705,16.123749,25.17782,29.73847,54.91629,9.1999941,16.186672,25.386665,29.863972,55.250637
5116,"Mönchengladbach, Kreisfreie Stadt",9.0893316,15.941495,25.030827,30.279747,55.310574,9.0061932,15.868044,24.874237,29.829494,54.703732
5117,"Mülheim an der Ruhr, Kreisfreie Stadt",9.942544,17.437923,27.380466,30.449688,57.830154,10.526253,17.826187,28.35244,30.981934,59.334373
5119,"Oberhausen, Kreisfreie Stadt",8.3445282,14.745201,23.089729,28.777058,51.866787,8.6469107,15.632838,24.279749,29.669756,53.949505
5120,"Remscheid, Kreisfreie Stadt",8.0716925,14.538157,22.60985,29.057657,51.667507,8.1552973,14.696469,22.851767,29.210802,52.062569
5122,"Solingen, Kreisfreie Stadt",8.3102198,14.813411,23.123631,28.84977,51.9734,8.7031593,15.651834,24.354994,29.772207,54.127201
5124,"Wuppertal, Kreisfreie Stadt",9.7350349,16.278582,26.013617,30.01325,56.026867,9.4164133,15.854064,25.270477,29.574932,54.845409
5154,"Kleve, Kreis",8.1128626,14.06738,22.180243,28.680086,50.860329,8.4171419,14.837852,23.254993,29.244236,52.499229
5158,"Mettmann, Kreis",9.8333912,17.306589,27.13998,30.164719,57.304699,9.7978315,17.52906,27.326891,31.351751,58.678642
5162,Rhein-Kreis Neuss,8.9031487,15.922855,24.826004,29.910427,54.736431,9.8226328,17.758324,27.580956,31.709332,59.290287
5166,"Viersen, Kreis",8.3333492,14.571463,22.904812,28.827534,51.732346,9.3242445,16.641125,25.965368,30.597654,56.563023
5170,"Wesel, Kreis",8.2058659,14.625593,22.831459,28.89365,51.725109,8.9132357,16.173248,25.086483,30.154785,55.241268
5314,"Bonn, Kreisfreie Stadt",12.481831,20.289383,32.771214,32.694836,65.466049,12.605278,19.231909,31.837187,30.915277,62.752464
5315,"Köln, Kreisfreie Stadt",11.428274,19.520016,30.94829,32.282143,63.230434,11.524878,18.816998,30.341875,31.176268,61.518143
5316,"Leverkusen, Kreisfreie Stadt",9.6112356,18.247635,27.858871,31.295914,59.154785,9.0434046,16.952423,25.995829,30.643545,56.639374
5334,"Städteregion Aachen (einschl, Stadt Aachen)",10.100647,17.365215,27.465862,29.734653,57.200516,10.113697,17.119797,27.233494,29.53817,56.771664
5358,"Düren, Kreis",7.8967481,14.300165,22.196913,28.723452,50.920364,8.5234394,15.875048,24.398487,30.041672,54.440159
5362,Rhein-Erft-Kreis,8.6451969,15.238308,23.883505,28.726377,52.609882,9.5813074,17.220093,26.801399,31.096428,57.897827
5366,"Euskirchen, Kreis",7.6997786,14.049869,21.749647,28.873682,50.623329,8.3121424,15.443751,23.755894,30.027443,53.783337
5370,"Heinsberg, Kreis",7.7028942,14.184422,21.887316,28.62882,50.516136,8.3795462,15.479604,23.85915,29.633026,53.492176
5374,Oberbergischer Kreis,8.0415344,15.053349,23.094883,29.466244,52.561127,8.2648058,15.19443,23.459236,29.62373,53.082966
5378,Rheinisch-Bergischer Kreis,9.1143694,16.379929,25.494299,30.030684,55.524982,10.078498,18.19165,28.270149,31.803101,60.07325
5382,Rhein-Sieg-Kreis,9.1744795,15.56956,24.74404,29.046549,53.790588,9.8038225,17.44228,27.246103,31.177359,58.423462
5512,"Bottrop, Kreisfreie Stadt",7.5489264,13.718442,21.267368,27.813877,49.081245,8.83494,15.964289,24.799229,29.896481,54.695709
5513,"Gelsenkirchen, Kreisfreie Stadt",8.7927332,15.548291,24.341024,29.521536,53.86256,8.145648,14.667899,22.813547,28.695189,51.508736
5515,"Münster, Kreisfreie Stadt",11.456747,18.820156,30.276903,31.607679,61.884583,12.285457,18.504795,30.790253,30.529182,61.319435
5554,"Borken, Kreis",7.802732,14.472828,22.27556,28.701197,50.976757,8.0487757,14.924172,22.972948,29.289503,52.262451
5558,"Coesfeld, Kreis",8.0487404,14.128283,22.177023,28.421732,50.598755,8.9797192,16.208599,25.188318,30.258112,55.44643
5562,"Recklinghausen, Kreis",8.0155811,14.703363,22.718945,28.941151,51.660095,8.5825415,15.715516,24.298058,29.755432,54.05349
5566,"Steinfurt, Kreis",7.980114,14.267859,22.247972,28.66564,50.913612,8.3323936,15.139151,23.471544,29.540831,53.012375
5570,"Warendorf, Kreis",7.9040418,14.454626,22.358667,28.973894,51.332561,8.2228994,15.05738,23.280279,29.528982,52.809261
5711,"Bielefeld, Kreisfreie Stadt",10.243113,16.679817,26.92293,29.551569,56.474499,10.212309,16.242214,26.454523,29.093287,55.54781
5754,"Gütersloh, Kreis",8.1028223,14.776519,22.879341,28.624695,51.504036,8.2019863,14.831911,23.033897,28.998936,52.032833
5758,"Herford, Kreis",7.8491597,14.345425,22.194584,29.118576,51.31316,8.2277489,14.971643,23.199392,29.449396,52.648788
5762,"Höxter, Kreis",7.4752297,13.414579,20.889809,28.176231,49.06604,7.8472691,14.361416,22.208685,28.69208,50.900764
5766,"Lippe, Kreis",8.6921844,15.304508,23.996693,29.507286,53.503979,8.6541862,15.395571,24.049757,29.47455,53.524307
5770,"Minden-Lübbecke, Kreis",8.3082924,15.161718,23.470011,29.3598,52.829811,8.224371,14.93568,23.160051,29.174025,52.334076
5774,"Paderborn, Kreis",9.4370575,15.704969,25.142027,28.796568,53.938595,9.4177446,16.013264,25.431009,29.057077,54.488087
5911,"Bochum, Kreisfreie Stadt",10.811775,16.545656,27.357431,29.794924,57.152355,10.805575,17.065346,27.87092,29.90761,57.77853
5913,"Dortmund, Kreisfreie Stadt",10.361455,17.338322,27.699778,30.410139,58.109917,10.002086,16.555405,26.557489,29.612085,56.169575
5914,"Hagen, Kreisfreie Stadt",8.7334032,14.560466,23.293869,28.89077,52.184639,8.0494423,14.192667,22.242109,28.504099,50.746208
5915,"Hamm, Kreisfreie Stadt",8.1748247,14.380385,22.55521,29.027847,51.583057,7.9649611,14.333905,22.298866,28.643959,50.942825
5916,"Herne, Kreisfreie Stadt",7.8529472,14.535091,22.388039,28.362236,50.750275,8.2975445,14.89369,23.191235,29.093365,52.284599
5954,Ennepe-Ruhr-Kreis,8.0907612,14.603714,22.694475,28.837786,51.532261,9.4448824,16.424564,25.869446,30.195305,56.064751
5958,Hochsauerlandkreis,7.6934075,14.048914,21.742321,28.76366,50.505981,7.7228427,14.19087,21.913713,28.864115,50.777828
5962,Märkischer Kreis,7.5772662,14.029287,21.606554,28.860575,50.467129,7.5471888,14.142278,21.689466,28.91921,50.608677
5966,"Olpe, Kreis",7.3180757,13.666481,20.984556,28.241365,49.225922,7.6247935,14.350735,21.975529,28.96862,50.944149
5970,"Siegen-Wittgenstein, Kreis",8.5087481,14.872777,23.381525,28.987112,52.368637,8.3931255,14.827,23.220125,29.063562,52.283688
5974,"Soest, Kreis",7.9903941,14.541265,22.53166,28.945051,51.476711,8.2766781,14.868626,23.145304,29.095572,52.240875
5978,"Unna, Kreis",7.9035034,14.454453,22.357956,28.857952,51.215908,8.5626831,15.408138,23.970821,29.624535,53.595356
6411,"Darmstadt, Kreisfreie Stadt",13.259888,20.721218,33.981106,31.777775,65.758881,13.043099,20.055141,33.09824,30.347725,63.445965
6412,"Frankfurt am Main, Kreisfreie Stadt",11.282591,19.99555,31.278141,33.656773,64.934914,11.41166,19.386471,30.79813,32.471138,63.269268
6413,"Offenbach am Main, Kreisfreie Stadt",9.5812664,16.779177,26.360443,30.864628,57.225071,8.8877068,15.226576,24.114283,28.92288,53.037163
6414,"Wiesbaden, Landeshauptstadt, Kreisfreie Stadt",10.6916,19.305775,29.997375,32.926517,62.923893,10.229963,17.959681,28.189644,31.390797,59.580441
6431,"Bergstraße, Landkreis",8.3145952,15.317973,23.632568,29.489059,53.121628,9.1526794,16.973915,26.126595,30.905483,57.032078
6432,"Darmstadt-Dieburg, Landkreis",8.3859959,15.247229,23.633224,29.421124,53.054348,9.8905544,17.875946,27.7665,31.31085,59.077351
6433,"Groß-Gerau, Landkreis",8.5404024,15.920129,24.460531,29.932707,54.393238,9.0281954,16.440834,25.469028,30.712887,56.181915
6434,Hochtaunuskreis,11.13282,20.508741,31.641562,32.876488,64.518051,11.070297,19.872755,30.943052,33.73011,64.673164
6435,Main-Kinzig-Kreis,7.9952116,15.058219,23.053431,29.679895,52.733326,8.9568043,16.593769,25.550573,31.035234,56.585808
6436,Main-Taunus-Kreis,11.9415,21.602335,33.543835,32.937794,66.481628,10.90196,19.910591,30.812551,33.363594,64.176147
6437,Odenwaldkreis,7.1391358,13.718584,20.857719,29.008999,49.866718,7.9356651,15.091976,23.027641,29.686882,52.714523
6438,"Offenbach, Landkreis",9.9893036,17.654379,27.643682,30.983736,58.627419,10.061169,17.982325,28.043493,31.804312,59.847805
6439,Rheingau-Taunus-Kreis,9.4054365,16.209637,25.615072,29.640276,55.255348,10.079054,18.257875,28.336929,32.131016,60.467945
6440,Wetteraukreis,8.9893942,15.83007,24.819464,29.629461,54.448925,9.8161783,17.699184,27.515362,31.741119,59.256481
6531,"Gießen, Landkreis",10.037173,15.889815,25.926989,29.560865,55.487854,10.070924,16.468716,26.53964,29.908854,56.448494
6532,Lahn-Dill-Kreis,7.7352619,14.804914,22.540176,29.357239,51.897415,8.0327682,15.102636,23.135405,29.536894,52.672298
6533,"Limburg-Weilburg, Landkreis",7.7535214,14.559437,22.312958,29.182549,51.495506,8.5244513,16.12788,24.652332,30.524158,55.176491
6534,"Marburg-Biedenkopf, Landkreis",9.0215158,15.004186,24.025702,28.562468,52.588169,9.3668671,15.706011,25.072878,29.110453,54.183331
6535,Vogelsbergkreis,7.6677127,14.581715,22.249428,29.314404,51.563831,7.9243741,14.902529,22.826902,29.48031,52.307213
6611,"Kassel, Kreisfreie Stadt",10.282764,16.8874,27.170164,30.769197,57.939362,10.168968,15.821518,25.990486,29.029858,55.020344
6631,"Fulda, Landkreis",8.3486528,15.093446,23.442099,29.428434,52.870533,8.5571623,15.588426,24.145588,29.918453,54.064041
6632,"Hersfeld-Rotenburg, Landkreis",6.8920336,13.045672,19.937706,27.846287,47.783993,7.5065994,14.13796,21.64456,28.975954,50.620514
6633,"Kassel, Landkreis",6.9082141,13.480999,20.389214,28.62888,49.018093,8.3703747,15.47893,23.849304,30.496826,54.34613
6634,Schwalm-Eder-Kreis,7.8326101,14.576676,22.409286,29.118034,51.527321,7.8723779,14.80479,22.677168,29.715769,52.392937
6635,"Waldeck-Frankenberg, Landkreis",7.2179623,13.395983,20.613945,28.546932,49.160877,7.4270639,13.692439,21.119503,28.75806,49.877563
6636,Werra-Meißner-Kreis,7.5004697,13.751072,21.251541,28.676651,49.928192,7.7628565,14.276938,22.039795,29.059212,51.099007
7111,"Koblenz, Kreisfreie Stadt",10.024741,17.746731,27.771471,31.549963,59.321434,10.069305,16.811914,26.88122,29.775057,56.656277
7131,"Ahrweiler, Landkreis",8.3679399,14.569009,22.936949,29.025206,51.962154,8.9785471,15.997746,24.976294,30.219725,55.196018
7132,"Altenkirchen (Westerwald), Landkreis",7.5052924,13.974022,21.479315,28.569891,50.049206,7.6346164,14.323013,21.95763,28.930527,50.888157
7133,"Bad Kreuznach, Landkreis",8.1367092,14.800583,22.937292,29.242632,52.179924,8.4010773,15.269526,23.670603,29.625605,53.296207
7134,"Birkenfeld, Landkreis",8.3405581,13.810275,22.150833,28.531998,50.682831,7.7731156,13.542677,21.315792,28.333775,49.649567
7135,"Cochem-Zell, Landkreis",7.4378943,12.893763,20.331657,27.440422,47.772079,7.9316645,14.25328,22.184944,28.533707,50.718651
7137,"Mayen-Koblenz, Landkreis",7.8733239,14.369774,22.243097,28.424444,50.667542,8.5412893,15.649148,24.190437,29.907135,54.097572
7138,"Neuwied, Landkreis",8.1008511,14.892492,22.993343,29.505898,52.499241,8.3316469,15.44332,23.774967,29.826389,53.601357
7140,Rhein-Hunsrück-Kreis,7.422647,13.749722,21.172369,27.96372,49.136089,8.0447607,14.747714,22.792475,29.049215,51.84169
7141,Rhein-Lahn-Kreis,8.0063591,14.831491,22.837851,29.25239,52.09024,8.4851131,15.540415,24.025528,29.843189,53.868717
7143,Westerwaldkreis,7.6746588,14.204297,21.878956,28.297764,50.17672,8.2502356,15.137197,23.387432,29.28014,52.667572
7211,"Trier, Kreisfreie Stadt",10.071506,15.901542,25.973047,29.749697,55.722744,10.256719,15.281894,25.538612,28.273518,53.81213
7231,"Bernkastel-Wittlich, Landkreis",7.2461596,13.261235,20.507395,27.963583,48.470978,7.5777164,13.650217,21.227934,28.026617,49.254551
7232,Eifelkreis Bitburg-Prüm,7.4212785,13.51825,20.939528,28.279699,49.219227,7.5188251,13.773544,21.29237,28.452579,49.744949
7233,"Vulkaneifel, Landkreis",7.4874825,13.630537,21.118019,27.545326,48.663345,7.3671675,13.538577,20.905745,27.918409,48.824154
7235,"Trier-Saarburg, Landkreis",7.3240972,13.139397,20.463493,27.10693,47.570423,8.4206324,14.951108,23.37174,29.347719,52.71946
7311,"Frankenthal (Pfalz), Kreisfreie Stadt",9.0388603,15.317175,24.356035,29.746275,54.10231,7.8679152,14.74619,22.614105,29.311359,51.925465
7312,"Kaiserslautern, Kreisfreie Stadt",11.354424,16.577412,27.931837,29.388639,57.320477,11.179392,16.228537,27.407928,28.40736,55.815289
7313,"Landau in der Pfalz, Kreisfreie Stadt",9.9489079,16.137798,26.086706,30.277689,56.364395,10.435377,16.392185,26.827562,29.19248,56.020042
7314,"Ludwigshafen am Rhein, Kreisfreie Stadt",8.4879589,17.27887,25.766829,31.016363,56.783192,7.9149594,15.01178,22.926739,28.889305,51.816044
7315,"Mainz, Kreisfreie Stadt",12.391245,18.833187,31.224432,30.701723,61.926155,12.439155,18.89159,31.330744,30.589056,61.9198
7316,"Neustadt an der Weinstraße, Kreisfreie Stadt",8.616478,15.476002,24.09248,30.275509,54.367989,9.2273827,16.030338,25.257721,29.836143,55.093864
7317,"Pirmasens, Kreisfreie Stadt",8.4990797,15.751746,24.250826,30.585161,54.835987,7.6656604,14.069399,21.73506,28.702017,50.437077
7318,"Speyer, Kreisfreie Stadt",8.6793604,14.986287,23.665648,29.549532,53.215179,9.2834826,16.38176,25.665243,29.692957,55.3582
7319,"Worms, Kreisfreie Stadt",7.85919,14.255661,22.114851,28.988447,51.103298,8.0441408,14.799544,22.843685,28.98513,51.828815
7320,"Zweibrücken, Kreisfreie Stadt",7.4615898,14.209564,21.671154,29.227299,50.898453,7.6460114,13.901581,21.547592,28.563065,50.110657
7331,"Alzey-Worms, Landkreis",7.719564,13.749157,21.468721,28.192942,49.661663,8.7044029,16.165216,24.869619,30.405931,55.275551
7332,"Bad Dürkheim, Landkreis",8.0823736,14.196956,22.279329,28.830046,51.109375,9.0798454,16.760687,25.840532,30.786085,56.626617
7333,Donnersbergkreis,7.6466846,14.155813,21.802498,29.258034,51.060532,7.9758782,14.857006,22.832884,29.379232,52.212116
7334,"Germersheim, Landkreis",7.5108647,13.992687,21.503551,29.696278,51.199829,8.4029312,15.762579,24.16551,30.353041,54.518551
7335,"Kaiserslautern, Landkreis",7.8947477,14.154792,22.04954,28.030783,50.080322,8.8175087,15.579763,24.397272,29.807333,54.204605
7336,"Kusel, Landkreis",7.6514673,13.913655,21.565123,29.768213,51.333336,7.6788144,14.363602,22.042416,29.272255,51.314671
7337,"Südliche Weinstraße, Landkreis",8.0145617,14.401967,22.416529,28.405985,50.822514,8.7384853,15.890154,24.628639,30.01543,54.64407
7338,Rhein-Pfalz-Kreis,7.4780636,13.570726,21.04879,27.483418,48.532207,9.2131491,17.318348,26.531496,31.127798,57.659294
7339,"Mainz-Bingen, Landkreis",8.3730965,15.436792,23.809889,29.04476,52.854649,9.892292,17.893551,27.785843,31.313721,59.099564
7340,"Südwestpfalz, Landkreis",7.1407571,13.330606,20.471363,27.622581,48.093945,8.3513727,15.274167,23.62554,29.706102,53.331642
8111,"Stuttgart, Landeshauptstadt, Stadtkreis",11.679149,20.733616,32.412766,33.500298,65.913063,11.331097,19.673773,31.004869,31.93136,62.93623
8115,"Böblingen, Landkreis",9.4805841,18.93729,28.417873,32.015419,60.433292,9.8160038,18.631067,28.447071,31.895702,60.342773
8116,"Esslingen, Landkreis",9.1127853,16.852215,25.965,30.750751,56.715752,9.6323652,17.688744,27.32111,31.523037,58.844147
8117,"Göppingen, Landkreis",8.2723465,15.366619,23.638966,29.926205,53.56517,8.3731318,15.694829,24.067961,30.22167,54.289631
8118,"Ludwigsburg, Landkreis",9.2988758,17.483379,26.782255,30.79851,57.580765,9.5438032,17.900158,27.44396,31.78174,59.2257
8119,"Rems-Murr-Kreis, Landkreis",8.8053007,15.853625,24.658926,30.070276,54.729202,9.2211189,17.067329,26.288448,31.401344,57.689793
8121,"Heilbronn, Stadtkreis",9.3662863,16.683266,26.049553,30.881516,56.931068,8.4288979,15.826933,24.255831,29.661253,53.917084
8125,"Heilbronn, Landkreis",8.5006638,17.007816,25.50848,30.622528,56.131008,8.6658077,16.603598,25.269405,30.740101,56.009506
8126,"Hohenlohekreis, Landkreis",9.9420357,16.576092,26.518127,30.350288,56.868416,8.4597988,15.64291,24.102709,30.069201,54.171909
8127,"Schwäbisch Hall, Landkreis",8.0878658,15.399269,23.487135,29.706861,53.193996,8.3606615,15.553828,23.91449,29.798134,53.712624
8128,"Main-Tauber-Kreis, Landkreis",7.9792185,15.074496,23.053715,29.756489,52.810204,8.0266171,15.12044,23.147057,29.628719,52.775776
8135,"Heidenheim, Landkreis",8.1451569,15.364237,23.509394,30.139666,53.649059,8.0886908,15.135858,23.224548,29.680542,52.90509
8136,"Ostalbkreis, Landkreis",8.480917,15.640541,24.121458,29.871397,53.992855,8.6300497,15.965047,24.595097,30.248928,54.844025
8211,"Baden-Baden, Stadtkreis",9.398634,17.135427,26.534061,30.267811,56.801872,9.3783197,16.447971,25.826292,29.715296,55.541588
8212,"Karlsruhe, Stadtkreis",11.211125,20.177917,31.389044,31.9722,63.361244,11.576211,19.843311,31.419521,30.355328,61.774849
8215,"Karlsruhe, Landkreis",9.0654001,16.262573,25.327974,29.408434,54.736408,9.3585949,17.440243,26.798838,30.878805,57.677643
8216,"Rastatt, Landkreis",7.24966,14.325325,21.574986,29.925682,51.500668,8.0980949,15.497524,23.595619,30.463749,54.059368
8221,"Heidelberg, Stadtkreis",12.716285,18.375324,31.09161,29.707989,60.799599,14.496806,20.17659,34.673397,28.43988,63.113277
8222,"Mannheim, Stadtkreis",10.106378,17.939156,28.045532,31.48793,59.533463,10.106303,17.511299,27.617603,30.06271,57.680313
8225,"Neckar-Odenwald-Kreis, Landkreis",7.5273957,14.340677,21.868073,29.014854,50.882927,7.8897004,15.183304,23.073004,29.711111,52.784115
8226,"Rhein-Neckar-Kreis, Landkreis",10.143899,19.473301,29.617199,29.189056,58.806255,9.8941288,18.091892,27.986021,30.539103,58.525124
8231,"Pforzheim, Stadtkreis",8.9927282,15.817351,24.81008,30.314745,55.124825,7.9028287,14.137915,22.040743,28.598867,50.63961
8235,"Calw, Landkreis",7.9685516,14.174269,22.14282,28.591246,50.734066,8.2001514,15.319849,23.52,29.773514,53.293514
8236,"Enzkreis, Landkreis",7.5474567,14.270678,21.818134,28.834229,50.652363,8.9033842,16.564548,25.467932,30.769873,56.237804
8237,"Freudenstadt, Landkreis",8.0623617,14.675632,22.737993,29.216177,51.95417,7.9653335,14.807615,22.772949,29.476227,52.249176
8311,"Freiburg im Breisgau, Stadtkreis",11.77365,17.692524,29.466173,29.963156,59.429329,12.154084,17.200226,29.354311,28.754091,58.108402
8315,"Breisgau-Hochschwarzwald, Landkreis",7.9645166,14.329129,22.293646,28.425364,50.719009,9.0255213,15.679147,24.704668,29.559092,54.26376
8316,"Emmendingen, Landkreis",7.854013,15.068611,22.922625,29.839396,52.76202,8.6699228,15.936456,24.606379,30.384092,54.990471
8317,"Ortenaukreis, Landkreis",7.856473,14.515082,22.371555,29.22224,51.593796,7.9830837,14.873877,22.85696,29.530319,52.38728
8325,"Rottweil, Landkreis",7.5910134,14.466827,22.05784,29.101034,51.158875,7.9026823,14.967341,22.870024,29.565996,52.43602
8326,"Schwarzwald-Baar-Kreis, Landkreis",8.0236912,14.957048,22.98074,29.5965,52.57724,7.8911128,14.835922,22.727036,29.312851,52.039886
8327,"Tuttlingen, Landkreis",7.5262108,14.564533,22.090744,29.237301,51.328045,7.4801092,14.336587,21.816696,29.055111,50.871807
8335,"Konstanz, Landkreis",8.6640453,15.334232,23.998278,29.343714,53.341991,8.8218899,15.589806,24.411695,29.529539,53.941235
8336,"Lörrach, Landkreis",8.3386459,15.288673,23.627319,30.167324,53.794643,8.0472889,14.909422,22.956711,29.821564,52.778275
8337,"Waldshut, Landkreis",7.6320319,13.936256,21.568289,28.924814,50.493103,7.6132379,14.007841,21.621078,29.024349,50.645428
8415,"Reutlingen, Landkreis",8.6775446,16.190849,24.868395,30.574228,55.442623,8.7885742,16.367088,25.155663,30.662148,55.81781
8416,"Tübingen, Landkreis",11.343011,16.672333,28.015343,29.705673,57.721016,11.549178,17.494267,29.043444,30.014112,59.057556
8417,"Zollernalbkreis, Landkreis",7.9059033,14.875626,22.781528,29.837097,52.618626,7.9382925,14.988065,22.926357,29.746861,52.673218
8421,"Ulm, Stadtkreis",10.468257,17.533371,28.001629,30.088245,58.089874,10.522519,17.034035,27.556553,29.266834,56.823387
8425,"Alb-Donau-Kreis, Landkreis",7.1332631,13.764448,20.897711,28.375444,49.273155,8.3242092,15.597139,23.921349,29.807247,53.728596
8426,"Biberach, Landkreis",7.4863806,14.647717,22.134098,29.32935,51.463448,7.7915435,15.05258,22.844124,29.552654,52.396778
8435,"Bodenseekreis, Landkreis",8.9745483,16.956678,25.931227,30.454367,56.385593,8.9736509,16.684376,25.658026,30.413141,56.071167
8436,"Ravensburg, Landkreis",8.4337139,15.550159,23.983873,29.832747,53.81662,8.5983715,15.817011,24.415382,29.870155,54.285538
8437,"Sigmaringen, Landkreis",7.4360061,13.655481,21.091488,28.542946,49.634434,7.5189452,14.009819,21.528765,28.765387,50.294151
9161,Ingolstadt,9.3096371,18.476391,27.786028,32.563782,60.349812,9.3354092,17.861219,27.196629,31.378162,58.574791
9162,"München, Landeshauptstadt",12.311668,21.321274,33.632942,33.19606,66.829002,12.169095,20.604336,32.77343,32.129379,64.902809
9163,Rosenheim,9.6129799,16.73303,26.34601,30.867754,57.213764,9.0904646,16.07983,25.170294,29.894194,55.064487
9171,"Altötting, Landkreis",7.4633021,15.844982,23.308285,29.824432,53.132717,7.8498387,15.457958,23.307796,29.632191,52.939987
9172,"Berchtesgadener Land, Landkreis",8.328001,14.142405,22.470406,28.368076,50.838482,8.2785997,14.270432,22.549032,28.615923,51.164955
9173,"Bad Tölz-Wolfratshausen, Landkreis",8.3173084,14.718489,23.035797,29.26387,52.299667,9.2962608,16.646927,25.943188,30.598091,56.541279
9174,"Dachau, Landkreis",8.8909225,15.512737,24.40366,29.201153,53.604813,10.025641,18.376682,28.402323,31.88011,60.282433
9175,"Ebersberg, Landkreis",9.4046412,15.824265,25.228907,29.182615,54.411522,10.942043,19.538492,30.480536,32.283524,62.764061
9176,"Eichstätt, Landkreis",8.6326981,16.022579,24.655277,29.244816,53.900093,8.8504934,17.114086,25.964579,31.451017,57.415596
9177,"Erding, Landkreis",8.1687336,13.93585,22.104584,27.898933,50.003517,9.6494303,17.283195,26.932627,30.772821,57.705448
9178,"Freising, Landkreis",9.1931801,15.001205,24.194386,28.492073,52.686459,10.201233,17.165628,27.366861,30.283003,57.649864
9179,"Fürstenfeldbruck, Landkreis",9.367198,16.707748,26.074945,29.915194,55.990139,10.555864,19.000996,29.55686,32.21743,61.774288
9180,"Garmisch-Partenkirchen, Landkreis",8.0362778,13.608418,21.644695,28.313068,49.957764,8.709856,14.523874,23.23373,28.643326,51.877056
9181,"Landsberg am Lech, Landkreis",9.1711016,15.885789,25.05689,29.85224,54.90913,9.9619312,17.445555,27.407486,31.086479,58.493965
9182,"Miesbach, Landkreis",8.7534113,15.360858,24.114269,29.335617,53.449886,9.6541357,16.800564,26.4547,30.48568,56.94038
9183,"Mühldorf a,Inn, Landkreis",7.7315478,14.371449,22.102997,28.929604,51.0326,8.2671194,15.393342,23.660461,29.446957,53.107418
9184,"München, Landkreis",12.730147,21.696232,34.42638,32.21867,66.64505,11.74242,20.62397,32.36639,32.715359,65.081749
9185,"Neuburg-Schrobenhausen, Landkreis",7.5388989,14.538595,22.077494,28.935316,51.01281,8.1169167,15.825335,23.942251,30.419672,54.361923
9186,"Pfaffenhofen a,d,Ilm, Landkreis",7.7334394,15.057603,22.791042,29.550262,52.341305,8.9789696,17.077257,26.056227,31.255617,57.311844
9187,"Rosenheim, Landkreis",7.9504108,14.507092,22.457502,28.885099,51.342602,9.1341515,16.349785,25.483936,30.255222,55.739159
9188,"Starnberg, Landkreis",10.369815,18.31889,28.688704,31.01296,59.701664,11.357314,19.452858,30.810171,32.271523,63.081696
9189,"Traunstein, Landkreis",7.904242,14.955648,22.85989,29.348351,52.208241,8.3842516,15.277961,23.662212,29.425976,53.088188
9190,"Weilheim-Schongau, Landkreis",7.9707971,15.595732,23.566528,30.026337,53.592865,8.7185049,16.245728,24.964231,30.347471,55.311703
9261,Landshut,8.8056536,15.686061,24.491714,31.174809,55.666523,8.8841553,15.728046,24.612202,29.818996,54.431198
9262,Passau,10.229047,16.39426,26.623308,29.906015,56.529324,10.556149,16.253613,26.809761,28.965965,55.775726
9263,Straubing,8.52071,15.068512,23.589222,29.414352,53.003574,8.0147276,14.093274,22.108002,28.583817,50.691818
9271,"Deggendorf, Landkreis",7.5712743,14.393438,21.964712,28.800123,50.764835,7.6938682,14.569574,22.263443,29.224567,51.48801
9272,"Freyung-Grafenau, Landkreis",6.6674781,12.941622,19.6091,27.600533,47.209633,7.1553984,13.706985,20.862383,28.228609,49.090992
9273,"Kelheim, Landkreis",7.4106998,13.949265,21.359964,28.993441,50.353405,7.8467994,15.022385,22.869184,29.799768,52.668953
9274,"Landshut, Landkreis",7.6156707,14.535595,22.151266,28.903837,51.055103,8.2436924,15.651951,23.895643,30.322992,54.218636
9275,"Passau, Landkreis",6.8474412,12.891302,19.738743,27.513847,47.25259,7.8230863,14.33778,22.160866,29.021061,51.181927
9276,"Regen, Landkreis",6.6406069,12.896829,19.537436,27.756777,47.294212,7.092104,13.712467,20.804571,28.42235,49.226921
9277,"Rottal-Inn, Landkreis",7.5007677,14.325494,21.826262,29.254847,51.081108,7.4156642,14.489431,21.905096,29.291929,51.197025
9278,"Straubing-Bogen, Landkreis",6.8184237,13.361231,20.179655,27.941744,48.121399,7.8751888,14.887156,22.762344,29.686848,52.449192
9279,"Dingolfing-Landau, Landkreis",5.9821076,12.412926,18.395033,29.086065,47.481098,6.8327546,13.44969,20.282444,29.136353,49.418797
9361,Amberg,8.5925035,16.097912,24.690414,30.738487,55.428902,8.0875683,14.731449,22.819017,29.179888,51.998905
9362,Regensburg,9.8497734,17.48979,27.339563,30.849039,58.188602,10.647672,17.697475,28.345148,30.0445,58.389648
9363,"Weiden i,d,OPf,",8.7694149,15.412727,24.182142,30.190615,54.372757,8.6634302,15.291213,23.954643,29.104446,53.05909
9371,"Amberg-Sulzbach, Landkreis",7.5381207,14.24342,21.78154,28.707062,50.488602,8.0745325,15.314494,23.389027,29.945698,53.334724
9372,"Cham, Landkreis",6.9771686,13.671516,20.648685,28.441662,49.090347,7.3729038,14.329031,21.701935,29.019043,50.720978
9373,"Neumarkt i,d,OPf,, Landkreis",7.5128603,14.761477,22.274338,29.159573,51.43391,8.3548355,15.89238,24.247215,29.907379,54.154594
9374,"Neustadt a,d,Waldnaab, Landkreis",7.3806257,14.762624,22.14325,28.290638,50.433887,8.235405,15.473803,23.709208,29.690657,53.399864
9375,"Regensburg, Landkreis",7.7518744,14.626427,22.378302,28.885294,51.263596,8.924284,16.577311,25.501595,30.709343,56.210938
9376,"Schwandorf, Landkreis",7.0364203,13.447466,20.483887,27.975052,48.458939,7.6941013,14.673916,22.368017,29.069201,51.437218
9377,"Tirschenreuth, Landkreis",6.9381051,13.624813,20.562918,28.064898,48.627815,7.7263746,14.915654,22.642029,29.066013,51.708042
9461,Bamberg,9.836936,15.851666,25.688602,29.529015,55.217617,11.181421,17.022011,28.203432,29.092978,57.29641
9462,Bayreuth,10.388408,16.419376,26.807785,30.473373,57.281158,10.919902,16.196426,27.116327,29.367102,56.483429
9463,Coburg,9.1111383,17.489624,26.600763,35.168045,61.768806,9.2671061,16.457676,25.724781,31.728134,57.452915
9464,Hof,9.1944256,15.105362,24.299788,29.446413,53.746201,8.8169231,15.135044,23.951967,29.266718,53.218685
9471,"Bamberg, Landkreis",7.036993,13.666,20.702993,28.064291,48.767284,8.2860651,15.386373,23.672438,29.750525,53.422962
9472,"Bayreuth, Landkreis",7.2092957,13.795654,21.00495,28.197199,49.202148,8.4408751,15.486573,23.927448,30.04192,53.969368
9473,"Coburg, Landkreis",7.2464499,13.620733,20.867184,28.897545,49.764729,8.1396656,15.478121,23.617786,31.740189,55.357975
9474,"Forchheim, Landkreis",8.5922422,15.941586,24.533829,29.36483,53.898659,9.589653,17.320408,26.910061,30.575844,57.485905
9475,"Hof, Landkreis",7.1010509,14.397339,21.49839,29.364399,50.862789,8.0451918,15.159928,23.20512,29.867764,53.072884
9476,"Kronach, Landkreis",6.7681627,13.539649,20.307812,28.31385,48.621662,7.1326485,14.128567,21.261215,29.020496,50.281712
9477,"Kulmbach, Landkreis",7.9372745,14.871288,22.808563,29.323029,52.131592,8.1901083,15.220876,23.410984,29.758141,53.169125
9478,"Lichtenfels, Landkreis",7.3644896,14.308478,21.672968,29.005396,50.678364,7.658462,14.577099,22.235561,29.412758,51.648319
9479,"Wunsiedel i,Fichtelgebirge, Landkreis",7.7750859,14.44635,22.221436,29.236301,51.457737,7.9295402,14.514263,22.443804,29.086046,51.52985
9561,Ansbach,8.2955017,15.485315,23.780817,31.171587,54.952404,7.9361115,14.569464,22.505575,29.618196,52.123772
9562,Erlangen,14.29614,21.846214,36.142353,31.32439,67.466743,13.690683,20.547411,34.238094,30.047237,64.285332
9563,Fürth,9.5417986,17.472645,27.014442,30.191006,57.205448,10.100919,17.683826,27.784746,30.187704,57.97245
9564,Nürnberg,10.630283,18.837133,29.467417,31.140226,60.607643,10.332738,17.905476,28.238213,30.053032,58.291245
9565,Schwabach,8.3793249,15.400401,23.779726,30.024504,53.80423,9.7027626,17.184052,26.886814,30.706177,57.592991
9571,"Ansbach, Landkreis",7.0502453,13.119625,20.16987,28.020628,48.190498,7.7769861,14.442754,22.21974,29.043367,51.263107
9572,"Erlangen-Höchstadt, Landkreis",9.0066814,17.665396,26.672077,30.809669,57.481747,10.451699,18.748543,29.200243,31.265856,60.466099
9573,"Fürth, Landkreis",8.0210438,14.789955,22.810999,29.349241,52.16024,10.235342,18.648277,28.883619,31.768805,60.652424
9574,"Nürnberger Land, Landkreis",8.171464,15.173158,23.344622,29.201063,52.545685,9.7594013,17.695843,27.455244,31.228548,58.683792
9575,"Neustadt a,d,Aisch-Bad Windsheim, Landkreis",7.3742328,13.721939,21.096172,28.972931,50.069103,8.2257376,15.186473,23.41221,29.536779,52.94899
9576,"Roth, Landkreis",7.9232507,14.451225,22.374475,28.706682,51.081158,9.304307,16.967495,26.271803,30.807516,57.079319
9577,"Weißenburg-Gunzenhausen, Landkreis",7.2405548,13.683542,20.924097,28.170527,49.094624,7.7974114,14.514589,22.312,28.821335,51.133335
9661,Aschaffenburg,8.9021654,15.866757,24.768923,30.514009,55.282932,9.2226267,16.249466,25.472092,30.134327,55.606419
9662,Schweinfurt,7.9277921,14.658031,22.585823,30.168076,52.753899,7.6670752,13.612386,21.279461,28.49966,49.779121
9663,Würzburg,11.599354,17.42942,29.028774,30.117542,59.146317,12.248411,17.4415,29.689911,29.089073,58.778984
9671,"Aschaffenburg, Landkreis",8.2491417,15.351906,23.601048,29.620255,53.221302,9.0592098,16.809399,25.868608,31.216864,57.085472
9672,"Bad Kissingen, Landkreis",7.0844164,13.534217,20.618633,28.223579,48.842213,7.6567593,14.241899,21.898659,28.832401,50.73106
9673,"Rhön-Grabfeld, Landkreis",7.4659057,14.572004,22.03791,29.690193,51.728104,7.7266917,14.727846,22.454538,29.602545,52.057083
9674,"Haßberge, Landkreis",7.3500991,14.24472,21.59482,29.391642,50.986462,7.5537729,14.570373,22.124146,29.672848,51.796993
9675,"Kitzingen, Landkreis",8.2970695,14.83075,23.127819,28.961178,52.088997,8.4201612,15.050586,23.470747,29.253607,52.724354
9676,"Miltenberg, Landkreis",7.7831745,15.204144,22.987318,29.903814,52.891132,8.1548166,15.553613,23.708429,30.233606,53.942036
9677,"Main-Spessart, Landkreis",7.7664351,15.269402,23.035837,30.050417,53.086254,8.1303997,15.670437,23.800837,30.303518,54.104355
9678,"Schweinfurt, Landkreis",7.3465095,14.072823,21.419333,27.586966,49.006298,8.1750402,15.245135,23.420176,29.960943,53.381119
9679,"Würzburg, Landkreis",8.9814711,16.439335,25.420805,29.403517,54.824322,9.8059435,16.898411,26.704353,30.503361,57.207714
9761,Augsburg,10.274206,17.29273,27.566936,30.83173,58.398666,9.7198858,16.403736,26.123623,29.562412,55.686035
9762,Kaufbeuren,8.018116,14.328829,22.346945,29.189131,51.536076,7.4711475,13.635923,21.107071,28.181408,49.288479
9763,Kempten (Allgäu),9.6477156,16.566017,26.213734,30.295856,56.50959,8.5482912,15.115829,23.66412,29.163776,52.827896
9764,Memmingen,7.7199383,14.44459,22.164528,29.328751,51.493279,7.6265163,13.745623,21.372139,28.35004,49.722179
9771,"Aichach-Friedberg, Landkreis",7.8962455,14.625986,22.522232,28.928555,51.450787,9.4010477,17.17511,26.576159,31.245016,57.821175
9772,"Augsburg, Landkreis",7.5427465,13.969159,21.511906,28.564281,50.076187,9.1243286,16.651438,25.775766,30.861204,56.636971
9773,"Dillingen a,d,Donau, Landkreis",7.702703,14.510094,22.212797,29.180021,51.392818,7.9109788,15.047709,22.958687,29.63139,52.590076
9774,"Günzburg, Landkreis",7.748507,14.312677,22.061184,28.888523,50.949707,7.9703326,14.693428,22.663761,29.130867,51.794628
9775,"Neu-Ulm, Landkreis",8.1363773,14.531433,22.66781,29.211027,51.878838,8.5396748,15.338301,23.877975,29.557953,53.435928
9776,"Lindau (Bodensee), Landkreis",8.1703501,15.603183,23.773533,29.666573,53.440105,8.3431759,15.402012,23.745188,29.53002,53.275208
9777,"Ostallgäu, Landkreis",7.3291292,13.807052,21.136181,28.597691,49.733871,8.1933126,14.919452,23.112764,29.386209,52.498974
9778,"Unterallgäu, Landkreis",7.5393443,14.392136,21.93148,28.820576,50.752056,7.9940734,14.907845,22.901918,29.26726,52.169178
9779,"Donau-Ries, Landkreis",7.8172679,15.126436,22.943705,30.047735,52.99144,8.0839176,15.365482,23.4494,30.08436,53.53376
9780,"Oberallgäu, Landkreis",7.8661041,14.109253,21.975357,28.654125,50.629482,8.724719,15.394546,24.119265,29.606493,53.725758
10041,"Saarbrücken, Regionalverband",9.7404699,16.257378,25.997849,30.202442,56.200291,9.6505165,15.92609,25.576607,29.326878,54.903484
10042,"Merzig-Wadern, Landkreis",7.7685027,14.62631,22.394814,29.217556,51.61237,7.6853356,14.568806,22.254141,29.036146,51.290287
10043,"Neunkirchen, Landkreis",7.269907,13.810438,21.080345,28.613815,49.69416,8.0091448,14.759627,22.768772,29.288086,52.056858
10044,"Saarlouis, Landkreis",6.7577257,13.097316,19.855042,28.341728,48.19677,7.8247552,14.701092,22.525846,29.560194,52.08604
10045,Saarpfalz-Kreis,7.7446222,14.524592,22.269215,28.664623,50.933838,8.6587515,15.500842,24.159594,29.791937,53.95153
10046,"St, Wendel, Landkreis",7.6177611,14.463865,22.081627,28.511398,50.593025,8.3028421,15.343482,23.646324,29.628105,53.274429
11000,Berlin,11.719022,18.643906,30.362926,30.844349,61.207275,12.010015,18.652855,30.66287,30.439413,61.102283
12051,"Brandenburg an der Havel, Kreisfreie Stadt",7.9780769,14.277781,22.255857,29.668589,51.924446,8.2843885,14.568639,22.853027,29.244995,52.098022
12052,"Cottbus, Kreisfreie Stadt",10.050424,16.633705,26.68413,30.839422,57.523552,9.9513845,16.506695,26.45808,29.775967,56.234047
12053,"Frankfurt (Oder), Kreisfreie Stadt",10.036129,16.514471,26.5506,30.661821,57.212421,9.5638437,16.240162,25.804007,30.251131,56.055138
12054,"Potsdam, Kreisfreie Stadt",12.985459,18.461834,31.447294,30.908918,62.356213,12.558913,18.623814,31.182726,30.86817,62.050896
12060,"Barnim, Landkreis",8.1480055,13.816306,21.964312,27.759165,49.723476,8.9283705,15.556523,24.484894,29.553883,54.038776
12061,"Dahme-Spreewald, Landkreis",7.6917362,13.072947,20.764683,27.520512,48.285194,8.778224,15.321338,24.099562,29.554316,53.653877
12062,"Elbe-Elster, Landkreis",7.0628343,13.095856,20.158689,27.623533,47.782223,7.2707968,13.375562,20.646358,27.751186,48.397545
12063,"Havelland, Landkreis",7.516541,13.200119,20.71666,27.467995,48.184654,8.7784452,15.545804,24.324249,29.830307,54.154556
12064,"Märkisch-Oderland, Landkreis",7.9050188,13.705649,21.610668,28.084049,49.694717,8.7562323,15.388505,24.144737,29.598572,53.743309
12065,"Oberhavel, Landkreis",7.9773645,14.231706,22.20907,28.090212,50.299282,8.9337482,15.8951,24.828848,30.132185,54.961033
12066,"Oberspreewald-Lausitz, Landkreis",7.5994563,14.15535,21.754807,28.182266,49.937073,7.4302649,13.89665,21.326916,28.278603,49.605518
12067,"Oder-Spree, Landkreis",7.8706889,13.325024,21.195713,27.300327,48.49604,8.4335651,14.898714,23.332279,29.11644,52.448719
12068,"Ostprignitz-Ruppin, Landkreis",8.0187559,13.105582,21.124338,27.617697,48.742035,7.7057371,13.265655,20.971392,27.823748,48.795139
12069,"Potsdam-Mittelmark, Landkreis",8.5445204,14.381637,22.926157,28.178923,51.10508,9.6871319,16.495737,26.182869,30.664867,56.847736
12070,"Prignitz, Landkreis",7.4518542,13.186115,20.63797,27.719162,48.357132,7.3331542,13.141264,20.474419,27.612778,48.087196
12071,"Spree-Neiße, Landkreis",6.5652413,12.669071,19.234312,26.946135,46.180447,7.7826853,14.280438,22.063124,28.668882,50.732006
12072,"Teltow-Fläming, Landkreis",7.6586852,13.497728,21.156414,28.668446,49.82486,8.3498173,14.969137,23.318954,29.895988,53.214943
12073,"Uckermark, Landkreis",7.484302,13.762535,21.246838,27.993477,49.240314,7.6463637,13.753338,21.399702,27.84746,49.247162
13003,"Kreisfreie Stadt Rostock, Hansestadt",11.107605,16.431751,27.539356,29.274551,56.813908,11.252618,16.344303,27.596922,28.80092,56.397842
13004,"Kreisfreie Stadt Schwerin, Landeshauptstadt",10.399961,17.22076,27.62072,31.02282,58.643539,10.056882,16.542542,26.599424,30.001131,56.600555
13071,Landkreis Mecklenburgische Seenplatte,8.8159046,14.024847,22.840752,27.818886,50.659637,8.7945433,14.080098,22.874641,27.924229,50.79887
13072,Landkreis Rostock,8.6052485,13.338973,21.944221,27.113724,49.057945,9.1077805,14.375086,23.482866,28.132299,51.615166
13073,Landkreis Vorpommern-Rügen,8.6989689,13.317667,22.016636,27.209454,49.226089,8.6321821,13.503129,22.135311,27.377674,49.512985
13074,Landkreis Nordwestmecklenburg,8.3891592,13.457154,21.846313,27.310802,49.157116,8.2282534,13.786395,22.014648,28.019005,50.033653
13075,Landkreis Vorpommern-Greifswald,9.2208242,14.008311,23.229136,27.513632,50.742767,9.1155262,14.059193,23.174719,27.508913,50.683632
13076,Landkreis Ludwigslust-Parchim,7.9804258,12.872437,20.852863,26.845486,47.698349,8.1325693,13.475247,21.607817,27.768244,49.37606
14511,"Chemnitz, Stadt",10.458096,16.378218,26.836313,29.38172,56.218033,10.638858,16.490685,27.129543,29.184925,56.314468
14521,Erzgebirgskreis,7.9549603,13.136181,21.091141,27.403275,48.494415,8.1206636,13.708476,21.82914,27.920567,49.749706
14522,"Mittelsachsen, Landkreis",8.6664467,13.983225,22.649672,28.113367,50.763039,8.5687418,14.263324,22.832066,28.451424,51.283489
14523,Vogtlandkreis,8.1063156,13.526808,21.633123,27.812147,49.445271,8.2245989,13.841907,22.066505,28.139854,50.20636
14524,"Zwickau, Landkreis",7.978229,13.494951,21.473181,27.571779,49.04496,8.2507935,14.047466,22.29826,28.193928,50.492188
14612,"Dresden, Stadt",12.003078,18.424667,30.427746,30.368233,60.795979,12.258435,18.375858,30.634293,29.598938,60.233231
14625,"Bautzen, Landkreis",8.3798532,13.906367,22.286221,27.792366,50.078587,8.6435099,14.568294,23.211803,28.379852,51.591656
14626,"Görlitz, Landkreis",8.6756105,14.045747,22.721357,27.628607,50.349964,8.6528997,14.188382,22.841282,27.659996,50.501278
14627,"Meißen, Landkreis",8.5177851,13.768966,22.286751,27.556774,49.843525,8.8751488,14.672173,23.547321,28.432983,51.980305
14628,"Sächsische Schweiz-Osterzgebirge, Landkreis",8.1383696,13.323806,21.462175,27.286718,48.748894,8.76721,14.596851,23.364061,28.459333,51.823395
14713,"Leipzig, Stadt",11.461618,17.449152,28.91077,30.065086,58.975857,11.971036,17.604889,29.575924,29.536541,59.112465
14729,"Leipzig, Landkreis",8.2990522,13.582931,21.881983,27.398485,49.280468,8.9479952,15.00987,23.957865,29.044752,53.002617
14730,"Nordsachsen, Landkreis",7.9979644,13.063566,21.061531,27.219223,48.280754,8.3375473,14.075802,22.413349,28.162922,50.576271
15001,"Dessau-Roßlau, Kreisfreie Stadt",8.8044605,15.294516,24.098976,29.837334,53.93631,8.7159624,14.903222,23.619184,29.279852,52.899036
15002,"Halle (Saale), Kreisfreie Stadt",11.497074,17.340961,28.838036,29.947117,58.785152,10.91595,16.522327,27.438276,29.122301,56.560577
15003,"Magdeburg, Kreisfreie Stadt",10.868761,17.017197,27.885958,30.168165,58.054123,10.56031,16.585178,27.145489,29.466953,56.612442
15081,Altmarkkreis Salzwedel,7.6979241,12.832411,20.530334,27.077942,47.608276,7.3251605,13.007938,20.333099,27.497993,47.831093
15082,"Anhalt-Bitterfeld, Landkreis",7.6602559,13.392469,21.052725,27.811728,48.864452,7.8008761,13.633255,21.434132,28.12767,49.561802
15083,"Börde, Landkreis",7.2756205,12.582543,19.858164,27.009546,46.86771,7.8246322,13.770382,21.595015,28.31114,49.906155
15084,Burgenlandkreis,7.5628834,13.195686,20.75857,27.133741,47.892311,7.608428,13.305791,20.914219,27.228382,48.142601
15085,"Harz, Landkreis",7.7906275,13.183866,20.974493,27.527067,48.50156,7.8574376,13.381878,21.239315,27.687603,48.926918
15086,"Jerichower Land, Landkreis",7.406106,12.602391,20.008497,26.668028,46.676525,8.2400694,14.025552,22.265621,28.161716,50.427338
15087,"Mansfeld-Südharz, Landkreis",7.4234238,12.685911,20.109335,27.088564,47.197899,7.6228333,13.137363,20.760197,27.449799,48.209995
15088,Saalekreis,7.7554312,13.677489,21.43292,27.75646,49.189381,8.4621601,14.756496,23.218657,28.882143,52.1008
15089,Salzlandkreis,7.9300308,13.481581,21.411612,27.735151,49.146763,7.7970324,13.516837,21.313869,27.863922,49.177792
15090,"Stendal, Landkreis",8.4797525,13.833671,22.313423,27.43338,49.746803,8.1027985,13.657015,21.759813,27.344168,49.103981
15091,"Wittenberg, Landkreis",7.7176652,13.204483,20.922148,27.474752,48.3969,7.8161807,13.605677,21.421858,27.970686,49.392544
16051,"Erfurt, krsfr, Stadt",10.096874,17.158983,27.255857,30.61104,57.866898,10.228607,16.920404,27.149012,30.176489,57.3255
16052,"Gera, krsfr, Stadt",9.029233,15.914674,24.943907,30.709528,55.653435,8.5342398,15.21281,23.747049,29.2507,52.997749
16053,"Jena, krsfr, Stadt",12.457163,18.163193,30.620356,28.842627,59.462982,13.051788,18.224777,31.276566,28.414215,59.690781
16054,"Suhl, krsfr, Stadt",8.4683161,15.356736,23.825052,30.26203,54.087082,8.1627645,14.421514,22.584278,28.809303,51.393581
16055,"Weimar, krsfr, Stadt",11.174526,16.943472,28.117998,29.834169,57.952168,11.196155,16.815876,28.01203,29.026968,57.038998
16056,"Eisenach, krsfr, Stadt",7.606895,13.749428,21.356323,29.274418,50.630741,7.7501817,13.970797,21.720978,28.717842,50.43882
16061,"Eichsfeld, Kreis",6.9353275,12.77689,19.712217,27.460192,47.172409,7.1376863,13.508554,20.64624,28.239094,48.885334
16062,"Nordhausen, Kreis",7.4790897,13.592655,21.071745,28.062517,49.134262,7.5326223,13.460834,20.993456,27.663832,48.657288
16063,Wartburgkreis,6.5537486,12.828579,19.382328,27.779377,47.161705,6.7889919,13.121794,19.910786,28.047325,47.958111
16064,Unstrut-Hainich-Kreis,7.4982538,13.383298,20.881552,27.634615,48.516167,7.4955535,13.511473,21.007027,27.862885,48.869911
16065,Kyffhäuserkreis,7.5033031,13.322479,20.825783,27.801998,48.627781,7.1294503,13.124006,20.253456,27.642288,47.895744
16066,"Schmalkalden-Meiningen, Kreis",7.3237729,12.846127,20.169899,27.261745,47.431644,7.4483738,13.511456,20.959829,27.96826,48.928089
16067,"Gotha, Kreis",7.347929,12.928009,20.275938,27.760153,48.036091,7.5182557,13.451469,20.969725,28.28163,49.251354
16068,"Sömmerda, Kreis",7.0468316,12.861206,19.908037,27.531996,47.440033,7.7091293,14.014278,21.723408,28.638126,50.361534
16069,"Hildburghausen, Kreis",6.7418752,12.56801,19.309885,27.496611,46.806496,6.8866806,12.973167,19.859848,28.021172,47.88102
16070,Ilm-Kreis,8.7989283,14.716887,23.515816,27.980156,51.495972,8.7587051,14.901438,23.660143,28.416513,52.076656
16071,"Weimarer Land, Kreis",6.9266233,12.357274,19.283897,26.942421,46.226318,8.0485706,14.230469,22.279039,28.517782,50.796822
16072,"Sonneberg, Kreis",6.2124519,12.223164,18.435616,27.117462,45.553078,6.683589,12.896499,19.580088,28.02149,47.601578
16073,"Saalfeld-Rudolstadt, Kreis",7.6337404,13.763305,21.397045,28.158875,49.55592,7.5343332,13.681741,21.216074,28.009249,49.225323
16074,Saale-Holzland-Kreis,7.1810608,12.990723,20.171783,27.153488,47.325272,7.9023194,14.291601,22.19392,28.172535,50.366455
16075,Saale-Orla-Kreis,6.6005669,12.685692,19.286259,27.80962,47.095879,7.0302057,13.271968,20.302174,28.119076,48.421249
16076,"Greiz, Kreis",7.064229,13.374387,20.438616,27.789999,48.228615,7.6429605,13.944518,21.587479,28.495731,50.08321
16077,"Altenburger Land, Kreis",7.0691471,12.872417,19.941565,27.598703,47.540268,7.3421187,13.257744,20.599863,27.71314,48.313004
